id,nombre,mail,password,username,fecha_nacimiento
87,Melissa Rodriguez,mrodriguez@yahoo.com,mVqchhZq,mrodriguez1969,1927-01-01
134,Joseph Harrison,jharrison@yahoo.es,ZCtisRw5,jharrison1997,1947-09-28
38,Amy Allen,aallen@yahoo.es,JOiUve4K,aallen1997,1995-03-23
48,Alan Burton,aburton@yahoo.com,fBqBdTWB,aburton1966,2004-12-07
66,Christopher Blake,cblake@icloud.com,kI2Lt7sy,cblake1972,1981-10-11
64,Michelle Weber,mweber@yahoo.it,TV912g59,mweber1962,1993-07-05
10,Antonio Shaw,ashaw@icloud.com,qSOfdTgQ,ashaw1989,1966-10-28
40,Jasmine Oconnor,joconnor@hotmail.com,eUsJ0bIE,joconnor1986,1923-08-07
51,Lisa Roberson,lroberson@yahoo.it,E6Xlwkm1,lroberson2000,1945-06-02
35,Dwayne Roberts,droberts@yahoo.it,MCaZ9dwb,droberts1966,2016-10-20
26,Connor Taylor,ctaylor@yahoo.es,jZym8OpP,ctaylor1976,1965-01-24
108,Laura Mcdaniel,lmcdaniel@icloud.com,suykYALE,lmcdaniel1995,1942-02-21
36,Leslie Moore,lmoore@yahoo.com,uLZ8p2nf,lmoore1966,2015-10-15
54,Kyle Mckenzie,kmckenzie@yahoo.it,8unHco8S,kmckenzie1982,1978-01-18
68,Mark Davis,mdavis@yahoo.com,9M4fwJlN,mdavis1995,1965-07-12
39,Elizabeth Bauer,ebauer@yahoo.es,s13eb5lU,ebauer1975,2014-02-26
41,Sandra Ballard,sballard@hotmail.com,0cKXBQgM,sballard2001,1929-01-09
115,Alexa York,ayork@icloud.com,VRlki1jC,ayork1984,1996-07-05
29,Sharon White,swhite@yahoo.com,DthqMR5Y,swhite1967,2009-04-11
73,Donna Wright,dwright@yahoo.it,mWrcsNKn,dwright1980,2006-09-26
34,Matthew Ferguson,mferguson@hotmail.com,Tczoa91V,mferguson2001,1984-10-27
75,Frank Mendez,fmendez@yahoo.es,lAV6xmZm,fmendez1982,2001-05-01
74,Wendy Smith,wsmith@yahoo.it,yiEbsYQQ,wsmith2001,1953-10-06
67,Amy Ramirez,aramirez@gmail.com,klagg55L,aramirez1978,2003-02-16
133,Brian Rios,brios@icloud.com,ow8NkWYm,brios1983,1977-02-19
49,Heather Salazar,hsalazar@icloud.com,j3Q6lYnG,hsalazar1960,1955-05-01
17,Ivarov,ivarov@hotmail.com,IUxIUoVM,ivarov1965,1982-03-31
22,Daniel Bentley,dbentley@yahoo.it,dVk9wNFx,dbentley1972,1973-03-16
122,Caroline Wilson,cwilson@gmail.com,2V1fvJAB,cwilson1965,2004-12-18
72,Brittany Bailey,bbailey@yahoo.com,1kZNBTUC,bbailey1996,1962-06-14
57,Sabrina Yates,syates@yahoo.it,69lm9Opq,syates1970,2006-07-13
56,Christian Lawrence,clawrence@gmail.com,7tDEYyzW,clawrence1966,1975-11-03
97,Jennifer Mclaughlin,jmclaughlin@yahoo.it,ewdv9IPt,jmclaughlin2001,1953-08-10
82,Donald West,dwest@hotmail.com,h49f9vtW,dwest1975,2003-05-07
6,Janet Larson,jlarson@yahoo.es,ZWln3gsP,jlarson1989,1945-11-03
146,John Wade,jwade@icloud.com,ENjqJ0g3,jwade1981,1969-01-14
71,William Lee,wlee@gmail.com,oEm1Kamn,wlee1995,1966-02-04
105,Charles Gordon,cgordon@gmail.com,kc8gQfxD,cgordon1977,1984-04-08
63,Tonya Wilson,twilson@yahoo.it,W2KAlalS,twilson1999,1992-03-20
33,Castolo,castolo@gmail.com,IUxIUoVM,castolo1999,1933-06-12
4,Lawrence Lowe,llowe@yahoo.com,TYhtqhqs,llowe1987,1944-05-22
90,James James,jjames@hotmail.com,nWcB06pO,jjames1966,1932-04-14
106,Charles Tucker,ctucker@yahoo.es,wCnJiML8,ctucker1961,1932-10-01
95,Minanda,minanda@hotmail.com,IUxIUoVM,minanda1972,1939-09-04
9,Jeffrey Aguirre,jaguirre@yahoo.it,dL1lawrd,jaguirre1971,2006-08-07
59,Alyssa Anderson,aanderson@hotmail.com,Sf9pSb3z,aanderson2001,2007-07-25
61,Christopher Owens,cowens@yahoo.es,h9gfXxDG,cowens1996,1987-02-26
52,Karen Roberts,kroberts@yahoo.com,szfHeoqk,kroberts1991,1960-07-21
28,Alexandra Lambert,alambert@icloud.com,YIJMpBq3,alambert1984,1994-10-05
119,Sheena Harrison,sharrison@yahoo.es,dqJ3UlcF,sharrison2000,1959-08-07
20,Andrew Hardin,ahardin@yahoo.com,ppJdCeFu,ahardin1981,2014-07-29
132,Kayla Schmidt,kschmidt@yahoo.it,LDDxFcrU,kschmidt1998,1950-03-17
77,Anthony Clark,aclark@yahoo.it,PsFGHSvv,aclark1972,1950-05-06
102,Benjamin Miller,bmiller@yahoo.it,RRMlowlh,bmiller1969,2016-05-29
21,Ryan Martin,rmartin@yahoo.it,2zsdEc1r,rmartin1967,2009-08-21
50,Christopher Gonzales,cgonzales@icloud.com,SzpJw4yz,cgonzales1988,1945-11-30
130,Eric Taylor,etaylor@yahoo.it,NZQdoyvw,etaylor1969,1947-04-03
23,Donna Johnson,djohnson@yahoo.es,oxf4uFom,djohnson1984,1932-12-01
27,Teresa Chavez,tchavez@hotmail.com,IpPsGbm0,tchavez1983,1946-06-20
19,Bradley Patel,bpatel@icloud.com,4oeUETEP,bpatel1980,2015-02-14
16,Nicole Vaughan,nvaughan@yahoo.com,SLUiCqtJ,nvaughan1974,1981-03-29
18,Eric Smith,esmith@gmail.com,wDVCL6t3,esmith1962,2004-06-23
46,Sherri Smith,ssmith@hotmail.com,nwS2invN,ssmith1991,1933-10-23
15,Tara Gibbs,tgibbs@yahoo.it,Cz1g9YVj,tgibbs1996,1988-10-14
30,Courtney Zuniga,czuniga@yahoo.es,WD76B8dh,czuniga1995,2009-08-05
123,Jack Bryant,jbryant@yahoo.com,EyjXHUYs,jbryant1971,1967-11-04
25,Sean Mahoney,smahoney@gmail.com,6ouoSPpl,smahoney1982,1959-06-12
45,Timothy Bryant,tbryant@hotmail.com,NfUPGTeB,tbryant1985,2006-01-31
62,Bryce Harris,bharris@yahoo.it,7miPf6j5,bharris1971,1988-03-24
1,Elizabeth Miller,emiller@gmail.com,oCcUFjmL,emiller1965,1967-08-16
65,James Mills,jmills@yahoo.it,ff9qd0lJ,jmills1975,1985-08-08
37,Jessica Rich,jrich@yahoo.com,41Yw1Fjv,jrich1992,1973-01-26
14,Barbara Jordan,bjordan@icloud.com,ZKzV0qA0,bjordan1960,1985-01-01
69,Jonathan Kennedy,jkennedy@hotmail.com,Nvxb8bUc,jkennedy1987,1955-02-09
12,Steven Sullivan,ssullivan@yahoo.com,oSCRZPnt,ssullivan1988,2010-11-22
7,Richard Anderson,randerson@gmail.com,VnWlMevi,randerson1979,1981-01-14
8,Jordan Padilla,jpadilla@hotmail.com,zmFAxjyR,jpadilla1998,1948-04-23
3,Sharon Garcia,sgarcia@yahoo.com,6Jb2Rmc6,sgarcia1969,1942-11-23
32,Mitchell Taylor,mtaylor@gmail.com,VP7qD9CW,mtaylor1996,1924-01-15
53,Christopher Miller,cmiller@gmail.com,zrrMHrV6,cmiller1997,1950-06-11
55,Casey Massey,cmassey@icloud.com,OiwR1Ihv,cmassey1964,1949-03-24
80,Nicholas Snyder,nsnyder@hotmail.com,38mdWYSX,nsnyder1960,1990-02-04
42,Jason Wong,jwong@hotmail.com,CrXt30DD,jwong1990,1989-01-10
11,Michael Marshall,mmarshall@yahoo.es,JAteLxYq,mmarshall1982,2014-05-25
2,Michelle Williams,mwilliams@gmail.com,W9Sxt1sQ,mwilliams1985,2000-08-04
5,Allison West,awest@gmail.com,0os2ByK9,awest1969,1952-07-17
13,John Wade,jwade@gmail.com,Uua8Ljit,jwade1974,1984-09-28
24,Amy Hodges,ahodges@hotmail.com,74hoyHJw,ahodges1994,1992-07-27
92,Kristopher Poole,kpoole@hotmail.com,nlHJ64kw,kpoole1969,2000-04-14
141,Jessica Taylor,jtaylor@yahoo.com,5f3ioZ9I,jtaylor1997,1927-01-22
44,Heidi Hood,hhood@hotmail.com,wfhYEQHK,hhood1985,2012-07-19
47,Jeffrey Brown,jbrown@gmail.com,rUES9Men,jbrown1968,1941-03-26
76,Richard Doyle,rdoyle@gmail.com,6YnIZbGu,rdoyle1985,1967-04-13
142,Matthew Whitney,mwhitney@hotmail.com,qVYt81JH,mwhitney1991,1930-01-15
60,Brandi Garcia,bgarcia@yahoo.it,ob1WSGz2,bgarcia1967,2014-12-03
58,Laura Wagner,lwagner@yahoo.it,9VbX2Dl9,lwagner1960,1931-03-25
31,Janice Gould,jgould@yahoo.com,oP9BYtZy,jgould2000,1945-10-12
43,Dennis Patterson PhD,dpatterson@yahoo.com,qdU6z9YI,dpatterson1992,1998-04-23
93,Joanna Brewer,jbrewer@gmail.com,InlgLdUD,jbrewer1984,2004-09-07
70,Jason Brown,jbrown@icloud.com,wwa12glM,jbrown1985,1971-01-19
